epoch,accuracy,f1_score,loss,val_accuracy,val_f1_score,val_loss
0,0.9453394412994385,0.8878044486045837,0.08671087771654129,0.9583333134651184,0.9591020941734314,0.055985227227211
1,0.9650939702987671,0.9425076246261597,0.0650957003235817,0.9726775884628296,0.9656513929367065,0.05316845700144768
2,0.9789029359817505,0.9721606373786926,0.04202819988131523,0.9494535326957703,0.9542025327682495,0.08401240408420563
3,0.9771768450737,0.9655008316040039,0.04854670912027359,0.9795082211494446,0.9676101207733154,0.054425641894340515
4,0.9769850373268127,0.9721343517303467,0.03801925480365753,0.9733606576919556,0.9718774557113647,0.058230869472026825
5,0.9873417615890503,0.9831355810165405,0.03530185669660568,0.9624316692352295,0.9623861908912659,0.08501364290714264
6,0.9888761043548584,0.9854723215103149,0.030805259943008423,0.9685792326927185,0.9697241187095642,0.07450532913208008
7,0.9666283130645752,0.9498292803764343,0.06835728883743286,0.9357923269271851,0.9354280829429626,0.1473149061203003
