epoch,accuracy,f1_score,loss,val_accuracy,val_f1_score,val_loss
0,0.9466073513031006,0.8877722024917603,0.08324862271547318,0.7759562730789185,0.0,0.29420626163482666
1,0.7516013979911804,0.009329553693532944,0.3082062005996704,0.7759562730789185,0.0,0.2923780381679535
2,0.7516013979911804,0.008663173764944077,0.30783021450042725,0.7759562730789185,0.0,0.2920018136501312
3,0.7516013979911804,0.004429072141647339,0.3074260354042053,0.7759562730789185,0.0,0.2941659390926361
