Model,precision-0,recall-0,f1-0,precision-1,recall-1,f1-1,accuracy,macro f1-score,f1-CLIMATE,f1-MISC,precision-CLIMATE,precision-MISC,recall-CLIMATE,recall-MISC
BERT_512_5e-05_10_3_8_custom_Adam-trial,0.9690893901420216,0.9674728940783986,0.9682804674457428,0.923679060665362,0.9273084479371316,0.9254901960784314,0.955503512880562,0.9468853317620872,,,,,,
BERT_512_5e-05_10_3_8_custom_Adam-trial,,,,,,,0.955503512880562,0.9468853317620872,0.9254901960784314,0.9682804674457428,0.923679060665362,0.9690893901420216,0.9273084479371316,0.9674728940783986
BERT_512_5e-05_10_3_8_custom_Adam-trial,,,,,,,0.955503512880562,0.9468853317620871,0.9254901960784314,0.9682804674457428,0.923679060665362,0.9690893901420217,0.9273084479371316,0.9674728940783986
