Model,accuracy,macro f1-score,f1-CLIMATE,f1-MISC,precision-CLIMATE,precision-MISC,recall-CLIMATE,recall-MISC
BERT_512_5e-05_10_3_8_custom_Adam-trial,0.955503512880562,0.946885331762087,,,,,,
BERT_512_5e-05_10_3_8_custom_Adam-trial,0.955503512880562,0.946885331762087,0.925490196078431,0.968280467445743,0.923679060665362,0.969089390142022,0.927308447937132,0.967472894078398
BERT_512_5e-05_10_3_8_custom_Adam-trial,0.955503512880562,0.946885331762087,0.925490196078431,0.968280467445743,0.923679060665362,0.969089390142022,0.927308447937132,0.967472894078398
BERT_512_5e-05_10_3_8_custom_Adam-trial,0.955503512880562,0.946885331762087,0.925490196078431,0.968280467445743,0.923679060665362,0.969089390142022,0.927308447937132,0.967472894078398
BERT_512_5e-05_10_3_8_custom_Adam-trial,0.953747072599532,0.944183352879005,0.921078921078921,0.967287784679089,0.936991869918699,0.960526315789473,0.905697445972495,0.974145120934112
BERT_512_5e-05_10_3_8_binary_Adam-trial,0.953747072599532,0.944695081488804,0.922320550639135,0.967069612338474,0.923228346456693,0.966666666666667,0.921414538310412,0.967472894078398
BERT_512_5e-05_10_3_8_custom_sgd-trial,0.701990632318501,0.412452700378397,0,0.824905400756794,0,0.701990632318501,0,1
