Model,precision-0,recall-0,f1-0,precision-1,recall-1,f1-1,accuracy,macro f1-score,f1-CLIMATE,f1-MISC,precision-CLIMATE,precision-MISC,recall-CLIMATE,recall-MISC
BERT_512_5e-05_10_3_8_custom_Adam-trial,0.9690893901420216,0.9674728940783986,0.9682804674457428,0.923679060665362,0.9273084479371316,0.9254901960784314,0.955503512880562,0.9468853317620872,,,,,,
BERT_512_5e-05_10_3_8_custom_Adam-trial,,,,,,,0.955503512880562,0.9468853317620872,0.9254901960784314,0.9682804674457428,0.923679060665362,0.9690893901420216,0.9273084479371316,0.9674728940783986
BERT_512_5e-05_10_3_8_custom_Adam-trial,,,,,,,0.955503512880562,0.9468853317620872,0.9254901960784314,0.9682804674457428,0.923679060665362,0.9690893901420216,0.9273084479371316,0.9674728940783986
BERT_512_5e-05_10_3_8_custom_Adam-trial,,,,,,,0.9555035128805619,0.9468853317620872,0.9254901960784314,0.9682804674457428,0.923679060665362,0.9690893901420216,0.9273084479371316,0.9674728940783986
BERT_512_5e-05_10_3_8_custom_Adam-trial,,,,,,,0.9537470725995316,0.9441833528790052,0.9210789210789212,0.9672877846790888,0.9369918699186992,0.9605263157894736,0.9056974459724952,0.9741451209341118
BERT_512_5e-05_10_3_8_binary_Adam-trial,,,,,,,0.9537470725995316,0.9446950814888044,0.9223205506391348,0.9670696123384744,0.9232283464566928,0.9666666666666668,0.9214145383104124,0.9674728940783986
BERT_512_5e-05_10_3_8_custom_sgd-trial,,,,,,,0.7019906323185011,0.412452700378397,0.0,0.824905400756794,0.0,0.7019906323185011,0.0,1.0
