experiment,precision-CLIMATE,recall-CLIMATE,f1-CLIMATE,precision-EMISSIONS,recall-EMISSIONS,f1-EMISSIONS,precision-MISC,recall-MISC,f1-MISC,accuracy,macro f1-score
NB+CV+1-1,0.8155737704918032,0.8122448979591836,0.8139059304703475,0.7215189873417721,0.8571428571428571,0.7835051546391752,0.827433628318584,0.748,0.7857142857142856,0.7961783439490446,0.794375123607936
NB+Tf-idf+1-1,0.9,0.3306122448979592,0.4835820895522388,0.98,0.3684210526315789,0.53551912568306,0.5,0.976,0.6612466124661247,0.5955414012738853,0.5601159425671413
