experiment,precision-CLIMATE,recall-CLIMATE,f1-CLIMATE,precision-MISC,recall-MISC,f1-MISC,accuracy,macro f1-score
NB_TF-IDF_1_1_FULL,0.9230769230769232,0.0235756385068762,0.0459770114942528,0.7067846607669617,0.999165971643036,0.8279198341395992,0.7084309133489461,0.436948422816926
NB_TF-IDF_1_1_FULL,0.9230769230769232,0.0235756385068762,0.0459770114942528,0.7067846607669617,0.999165971643036,0.8279198341395992,0.7084309133489461,0.436948422816926
NB_TF-IDF_1_1_FULL,0.9230769230769232,0.0235756385068762,0.0459770114942528,0.7067846607669617,0.999165971643036,0.8279198341395992,0.7084309133489461,0.436948422816926
NB_CV_1_1_FULL,0.6681681681681682,0.8742632612966601,0.7574468085106383,0.9385796545105566,0.8156797331109258,0.8728246318607765,0.8331381733021077,0.8151357201857075
