experiment,precision-CLIMATE,recall-CLIMATE,f1-CLIMATE,precision-EMISSIONS,recall-EMISSIONS,f1-EMISSIONS,precision-MISC,recall-MISC,f1-MISC,accuracy,macro f1-score
NB+CV+1-1,0.8341013824884793,0.7387755102040816,0.7835497835497836,0.6967741935483871,0.8120300751879699,0.75,0.8486707566462167,0.8592132505175983,0.8539094650205761,0.8176538908246226,0.7958197495234532
NB+Tf-idf+1-1,1.0,0.0040816326530612,0.008130081300813,0.0,0.0,0.0,0.5616279069767441,1.0,0.7192851824274014,0.562137049941928,0.2424717545760714
NB+Tf-idf+1-1,1.0,0.004081632653061225,0.008130081300813009,0.0,0.0,0.0,0.5616279069767441,1.0,0.7192851824274014,0.562137049941928,0.24247175457607148
