experiment,precision-CLIMATE,recall-CLIMATE,f1-CLIMATE,precision-EMISSIONS,recall-EMISSIONS,f1-EMISSIONS,precision-MISC,recall-MISC,f1-MISC,accuracy,macro f1-score
ccp_alpha_0.0,0.7027027027027027,0.5306122448979592,0.6046511627906977,0.5811965811965812,0.5112781954887218,0.544,0.6226993865030674,0.812,0.7048611111111109,0.6385350318471338,0.6178374246339363
ccp_alpha_0.01,0.7230769230769231,0.19183673469387755,0.3032258064516129,0.0,0.0,0.0,0.433392539964476,0.976,0.6002460024600246,0.46337579617834396,0.3011572696372125
ccp_alpha_0.001,0.7034883720930233,0.4938775510204082,0.5803357314148679,0.5689655172413793,0.4962406015037594,0.5301204819277108,0.6029411764705882,0.82,0.6949152542372881,0.6242038216560509,0.6017904891932889
ccp_alpha_0.0001,0.7027027027027027,0.5306122448979592,0.6046511627906977,0.5811965811965812,0.5112781954887218,0.544,0.6226993865030674,0.812,0.704861111111111,0.6385350318471338,0.6178374246339363
