experiment,precision-CLIMATE,recall-CLIMATE,f1-CLIMATE,precision-MISC,recall-MISC,f1-MISC,accuracy,macro f1-score
RF+CV_ccp_alpha_0.0,0.925339366515837,0.803536345776031,0.860147213459516,0.921011058451817,0.972477064220184,0.94604462474645,0.922131147540984,0.903095919102983
RF+CV_ccp_alpha_0.01,0.984924623115578,0.385068762278978,0.553672316384181,0.792577866136514,0.997497914929108,0.883308714918759,0.814988290398127,0.71849051565147
RF+CV_ccp_alpha_0.001,0.960606060606061,0.62278978388998,0.755661501787843,0.86066763425254,0.989157631359466,0.920450135816841,0.879976580796253,0.838055818802342
RF+CV_ccp_alpha_0.0001,0.921478060046189,0.783889980353635,0.847133757961784,0.913725490196078,0.971643035863219,0.941794664510914,0.915690866510539,0.894464211236349
RF+Tf-idf_ccp_alpha_0.0,0.907786885245902,0.870333988212181,0.888665997993982,0.945901639344262,0.962468723936614,0.954113269946259,0.935011709601874,0.92138963397012
RF+Tf-idf_ccp_alpha_0.01,0.979508196721312,0.469548133595285,0.634794156706507,0.815573770491803,0.995829858215179,0.896733007885843,0.838992974238876,0.765763582296175
RF+Tf-idf_ccp_alpha_0.001,0.931758530183727,0.697445972495088,0.797752808988764,0.883948756593821,0.978315262718932,0.928741092636579,0.894613583138173,0.863246950812672
RF+Tf-idf_ccp_alpha_0.0001,0.904166666666667,0.852652259332024,0.877654196157735,0.938925081433225,0.96163469557965,0.950144210960033,0.929156908665105,0.913899203558884
