experiment,precision-CLIMATE,recall-CLIMATE,f1-CLIMATE,precision-EMISSIONS,recall-EMISSIONS,f1-EMISSIONS,precision-MISC,recall-MISC,f1-MISC,accuracy,macro f1-score
RF+CV_ccp_alpha_0.0,0.9076923076923076,0.24081632653061225,0.3806451612903225,0.96875,0.2330827067669173,0.3757575757575757,0.6194926568758344,0.9914529914529916,0.7625308134757601,0.6548463356973995,0.5063111835078861
RF+CV_ccp_alpha_0.01,0.0,0.0,0.0,0.0,0.0,0.0,0.5531914893617021,1.0,0.7123287671232876,0.5531914893617021,0.2374429223744292
RF+CV_ccp_alpha_0.001,1.0,0.028571428571428567,0.05555555555555556,1.0,0.045112781954887216,0.08633093525179858,0.5618247298919568,1.0,0.7194465795541891,0.5685579196217494,0.28711102345384776
RF+CV_ccp_alpha_0.0001,0.8939393939393939,0.24081632653061225,0.3794212218649518,1.0,0.20300751879699247,0.3375,0.6162018592297477,0.9914529914529916,0.7600327600327601,0.6501182033096927,0.492317993965904
RF+Tf-idf_ccp_alpha_0.0,0.9009009009009008,0.4081632653061225,0.5617977528089887,0.9629629629629628,0.3909774436090225,0.5561497326203209,0.6740088105726872,0.9807692307692308,0.7989556135770235,0.7222222222222222,0.6389676996687778
RF+Tf-idf_ccp_alpha_0.01,0.0,0.0,0.0,0.0,0.0,0.0,0.5531914893617021,1.0,0.7123287671232876,0.5531914893617021,0.2374429223744292
RF+Tf-idf_ccp_alpha_0.001,0.92,0.09387755102040816,0.1703703703703704,1.0,0.06766917293233082,0.1267605633802817,0.5738916256157636,0.9957264957264956,0.728125,0.5886524822695035,0.34175197791688405
RF+Tf-idf_ccp_alpha_0.0001,0.8952380952380953,0.3836734693877551,0.537142857142857,0.9591836734693877,0.3533834586466165,0.5164835164835165,0.6632947976878613,0.9807692307692307,0.7913793103448274,0.7092198581560284,0.615001894657067
