experiment,precision-CLIMATE,recall-CLIMATE,f1-CLIMATE,precision-EMISSIONS,recall-EMISSIONS,f1-EMISSIONS,precision-MISC,recall-MISC,f1-MISC,accuracy,macro f1-score
ccp_alpha_0.0,0.6756756756756757,0.5102040816326531,0.5813953488372092,0.5517241379310345,0.4812030075187971,0.5140562248995983,0.6269113149847095,0.82,0.7105719237435009,0.6273885350318471,0.6020078324934361
ccp_alpha_0.01,0.7,0.14285714285714285,0.23728813559322035,0.0,0.0,0.0,0.4295652173913043,0.988,0.5987878787878788,0.4490445859872612,0.2786920047936997
ccp_alpha_0.001,0.6883116883116883,0.4326530612244898,0.5313283208020051,0.5423728813559322,0.481203007518797,0.5099601593625499,0.5870786516853933,0.836,0.6897689768976898,0.6035031847133758,0.5770191523540816
ccp_alpha_0.0001,0.6756756756756757,0.5102040816326531,0.5813953488372092,0.5517241379310345,0.48120300751879697,0.5140562248995983,0.6269113149847095,0.82,0.7105719237435009,0.6273885350318471,0.6020078324934361
