experiment,precision-CLIMATE,recall-CLIMATE,f1-CLIMATE,precision-MISC,recall-MISC,f1-MISC,accuracy,macro f1-score
RF+CV_ccp_alpha_0.0,0.9253393665158371,0.8035363457760314,0.8601472134595163,0.9210110584518169,0.9724770642201837,0.9460446247464503,0.9221311475409836,0.9030959191029831
RF+CV_ccp_alpha_0.0,0.9253393665158371,0.8035363457760314,0.8601472134595163,0.9210110584518169,0.9724770642201837,0.9460446247464503,0.9221311475409836,0.9030959191029831
RF+CV_ccp_alpha_0.01,0.984924623115578,0.3850687622789784,0.5536723163841808,0.7925778661365143,0.9974979149291076,0.8833087149187592,0.8149882903981265,0.7184905156514699
RF+CV_ccp_alpha_0.001,0.9606060606060606,0.6227897838899804,0.7556615017878427,0.8606676342525399,0.9891576313594662,0.9204501358168412,0.879976580796253,0.8380558188023419
RF+CV_ccp_alpha_0.0001,0.9214780600461894,0.7838899803536346,0.8471337579617835,0.9137254901960784,0.9716430358632192,0.9417946645109136,0.9156908665105388,0.8944642112363486
RF+CV_ccp_alpha_0.0,0.9253393665158371,0.8035363457760314,0.8601472134595163,0.9210110584518169,0.9724770642201837,0.9460446247464503,0.9221311475409836,0.9030959191029831
RF+CV_ccp_alpha_0.01,0.984924623115578,0.3850687622789784,0.5536723163841808,0.7925778661365143,0.9974979149291076,0.8833087149187592,0.8149882903981265,0.7184905156514699
RF+CV_ccp_alpha_0.001,0.9606060606060606,0.6227897838899804,0.7556615017878427,0.8606676342525399,0.9891576313594662,0.9204501358168412,0.879976580796253,0.8380558188023419
RF+CV_ccp_alpha_0.0001,0.9214780600461894,0.7838899803536346,0.8471337579617835,0.9137254901960784,0.9716430358632193,0.9417946645109135,0.9156908665105387,0.8944642112363486
