experiment,precision-CLIMATE,recall-CLIMATE,f1-CLIMATE,precision-MISC,recall-MISC,f1-MISC,accuracy,macro f1-score
aug_model_model,0.8884892086330936,0.9705304518664047,0.927699530516432,0.9869791666666666,0.9482902418682235,0.967247979583156,0.9549180327868853,0.947473755049794
